2015,ES,MÉTROPOLE – REMPLACEMENT,Les échanges sont-ils au fondement de la vie sociale ?
2015,ES,MÉTROPOLE – REMPLACEMENT,De quoi parle-t-on quand on dit “je” ?
2015,L,MÉTROPOLE – REMPLACEMENT,L'homme peut-il échapper au temps ?
2015,L,MÉTROPOLE – REMPLACEMENT,Peut-on douter de ce qui a été démontré ?
2015,S,MÉTROPOLE – REMPLACEMENT,La compétence technique peut-elle fonder l'autorité politique ?
2015,S,MÉTROPOLE – REMPLACEMENT,Un artiste doit-il être original ?
2015,TMD,MÉTROPOLE – REMPLACEMENT,Une oeuvre d'art eut-elle ne pas être belle ?
2015,TMD,MÉTROPOLE – REMPLACEMENT,La raison doit-elle se soumettre au réel ?
2015,ES,NOUVELLE-CALÉDONIE – NORMALE,Une vérité démontrée est-elle indiscutable ?
2015,ES,NOUVELLE-CALÉDONIE – NORMALE,L'échange a-t-il une valeur en lui-même ?
2015,L,NOUVELLE-CALÉDONIE – NORMALE,L'art contribue-t-il à donner du sens à l'existence ?
2015,L,NOUVELLE-CALÉDONIE – NORMALE,Suffit-il de se sentir libre pour l'être ?
2015,S,NOUVELLE-CALÉDONIE – NORMALE,"Pour connaître objectivement, faut-il supprimer toute subjectivité ?"
2015,S,NOUVELLE-CALÉDONIE – NORMALE,La culture répond-elle à un besoin ?
2015,ES,POLYNÉSIE – NORMALE,La recherche de la vérité s'oppose-t-elle à toute croyance ?
2015,ES,POLYNÉSIE – NORMALE,Peut-on dire plus qu'on ne pense ?
2015,L,POLYNÉSIE – NORMALE,Qui écrit l'histoire ?
2015,L,POLYNÉSIE – NORMALE,"Être raisonnable, est-ce faire taire ses désirs ?"
2015,S,POLYNÉSIE – NORMALE,Tout travail est-il pénible ?
2015,S,POLYNÉSIE – NORMALE,Faut-il chercher à démontrer ses opinions ?
2015,ES,POLYNÉSIE – REMPLACEMENT,Ce qui ne s'échange pas est-il sans valeur ?
2015,ES,POLYNÉSIE – REMPLACEMENT,Peut-on se contenter d'une liberté intérieure ?
2015,L,POLYNÉSIE – REMPLACEMENT,À quoi sert-il d'être moral ?
2015,L,POLYNÉSIE – REMPLACEMENT,Quelle forme de vérité une démonstration garantit-elle ?
2015,S,POLYNÉSIE – REMPLACEMENT,"Être conscient, est-ce savoir ?"
2015,S,POLYNÉSIE – REMPLACEMENT,Que perd-on en se désintéressant des oeuvres d'art ?
2016,ES,AMÉRIQUE DU NORD – NORMALE,L'artiste peut-il être indifférent au beau ?
2016,ES,AMÉRIQUE DU NORD – NORMALE,Les hommes vivent-ils en société par intérêt ?
2016,L,AMÉRIQUE DU NORD – NORMALE,Une vérité scientifique peut-elle être approximative ?
2016,L,AMÉRIQUE DU NORD – NORMALE,Peut-on être soi-même devant ls autres ?
2016,S,AMÉRIQUE DU NORD – NORMALE,"Travailler, est-ce seulement mettre en oeuvre des techniques ?"
2016,S,AMÉRIQUE DU NORD – NORMALE,"Travailler, est-ce seulement mettre en oeuvre des techniques ?"
2016,S,AMÉRIQUE DU NORD – NORMALE,Peut-on ne pas admettre la vérité ?
2016,S,AMÉRIQUE DU NORD – NORMALE,Peut-on ne pas admettre la vérité ?
2016,ES,AMÉRIQUE DU SUD – NORMALE,Puis-je être moi-même sans le regard d'autrui ?
2016,ES,AMÉRIQUE DU SUD – NORMALE,La recherche du bonheur est-elle un objectif égoïste ?
2016,L,AMÉRIQUE DU SUD – NORMALE,Faut-il se divertir pour être heureux ?
2016,L,AMÉRIQUE DU SUD – NORMALE,Quelle confiance accorder à nos perceptions ?
2016,S,AMÉRIQUE DU SUD – NORMALE,Doit-on se méfier des objets techniques ?
2016,S,AMÉRIQUE DU SUD – NORMALE,Le sujet se définit-il par sa conscience ?
2016,ES,ANTILLES – NORMALE,L'histoire peut-elle éclairer l'avenir ?
2016,ES,ANTILLES – NORMALE,"être libre, est-ce ne rencontrer aucun obstacle ?"
2016,L,ANTILLES – NORMALE,Le réel se réduit-il à ce que l'on en perçoit ?
2016,L,ANTILLES – NORMALE,La politique est-elle l'affaire de tous ?
2016,S,ANTILLES – NORMALE,Le désir nous éloigne-t-il du vrai ?
2016,S,ANTILLES – NORMALE,La technique ne nous sert-elle qu'à nous rendre maîtres de la nature ?
2016,ES,ANTILLES – REMPLACEMENT,La technique nous libère-t-elle toujours ?
2016,ES,ANTILLES – REMPLACEMENT,Une interprétation peut-elle être objective ?
2016,L,ANTILLES – REMPLACEMENT,Le temps est-il destructeur ?
2016,L,ANTILLES – REMPLACEMENT,"Faire usage du langage, est-ce renoncer à la violence ?"
2016,S,ANTILLES – REMPLACEMENT,L'art ne fait-il qu'imiter le réel ?
2016,S,ANTILLES – REMPLACEMENT,Les progrès de la connaissance nous rapprochent-ils d'une vérité définitive ?
2016,ES,ÉTRANGER GROUPE 1 – NORMALE,L'hypothèse de l'inconscient a-t-elle une valeur scientifique ?
2016,ES,ÉTRANGER GROUPE 1 – NORMALE,Le travail éduque-t-il ?
2016,L,ÉTRANGER GROUPE 1 – NORMALE,Faut-il toujours chercher à gagner du temps ?
2016,L,ÉTRANGER GROUPE 1 – NORMALE,"Être libre, est-ce ne ressentir aucune contrainte ?"
2016,S,ÉTRANGER GROUPE 1 – NORMALE,Peut-on comprendre une oeuvre d'art sans l'aimer ?
2016,S,ÉTRANGER GROUPE 1 – NORMALE,Peut-on comprendre une oeuvre d'art sans l'aimer ?
2016,S,ÉTRANGER GROUPE 1 – NORMALE,Ce qui est vrai est-il toujours vérifiable ?
2016,S,ÉTRANGER GROUPE 1 – NORMALE,Ce qui est vrai est-il toujours vérifiable ?
2016,ES,INDE – NORMALE,Y a-t-il des vérités indiscutables ?
2016,ES,INDE – NORMALE,Le bonheur est-il le but de l'existence ?
2016,L,INDE – NORMALE,Faut-il des connaissances pour apprécier une oeuvre d'art ?
2016,L,INDE – NORMALE,L'autorité de l'état s'oppose-t-elle à la liberté des individus ?
2016,S,INDE – NORMALE,La religion n'est-elle qu'un fait de culture ?
2016,S,INDE – NORMALE,Choisit-on d'être artiste ?
2016,ES,JAPON – NORMALE,La culture est-elle une seconde nature ?
2016,ES,JAPON – NORMALE,Le but de l'état est-il de limiter la violence ?
2016,L,JAPON – NORMALE,Une langue universelle est-elle souhaitable ?
2016,L,JAPON – NORMALE,Peut-on concevoir une société sans violence ?
2016,S,JAPON – NORMALE,"Apprendre à vivre, est-ce appendre à désirer ?"
2016,S,JAPON – NORMALE,Un monde sans injustice est-il possible ?
2016,L,LIBAN – NORMALE,Est-on prisonnier de la langue dans laquelle on parle ?
2016,L,LIBAN – NORMALE,L'esprit doit-il quelque chose au corps ?
2016,S,LIBAN – NORMALE,Sait-on ce qu'on désire ?
2016,S,LIBAN – NORMALE,Sait-on ce qu'on désire ?
2016,S,LIBAN – NORMALE,L'esprit dépend-il de la matière ?
2016,S,LIBAN – NORMALE,L'esprit dépend-il de la matière ?
2016,ES,MÉTROPOLE – NORMALE,Savons-nous toujours ce que nous désirons ?
2016,ES,MÉTROPOLE – NORMALE,Pourquoi avons-nous intérêt à étudier l'histoire ?
2016,L,MÉTROPOLE – NORMALE,Nos convictions morales sont-elles fondées sur l'expérience ?
2016,L,MÉTROPOLE – NORMALE,Le désir est-il par nature illimité ?
2016,S,MÉTROPOLE – NORMALE,"Travailler moins, est-ce vivre mieux ?"
2016,S,MÉTROPOLE – NORMALE,Faut-il démontrer pour savoir ?
2016,TMD,MÉTROPOLE – NORMALE,La conscience fait-elle obstacle à notre bonheur ?
2016,TMD,MÉTROPOLE – NORMALE,L'art est-il indifférent à la vérité ?
2016,ES,MÉTROPOLE – REMPLACEMENT,Comment savoir ce qui est juste ?
2016,ES,MÉTROPOLE – REMPLACEMENT,Nos désirs expriment-ils ce que nous sommes ?
2016,L,MÉTROPOLE – REMPLACEMENT,Faut-il toujours dire la vérité ?
2016,L,MÉTROPOLE – REMPLACEMENT,A-t-on raison de redouter le progrès technique ?
2016,S,MÉTROPOLE – REMPLACEMENT,L'inconscient nous empêche-t-il d'être nous-mêmes ?
2016,S,MÉTROPOLE – REMPLACEMENT,Une religion peut-elle se fonder sur la raison ?
2016,TMD,MÉTROPOLE – REMPLACEMENT,Peut-on être esclave de soi-même ?
2016,TMD,MÉTROPOLE – REMPLACEMENT,"être juste, est-ce être neutre ?"
2017,ES,AMÉRIQUE DU NORD – NORMALE,Peut-on devenir soi-même sans les autres ?
2017,ES,AMÉRIQUE DU NORD – NORMALE,Le droit est-il seulement ce qui limite ma liberté ?
2017,L,AMÉRIQUE DU NORD – NORMALE,Le sens de ce que l'on dit se réduit-il à ce que l'on veut dire ?
2017,L,AMÉRIQUE DU NORD – NORMALE,Le droit de propriété doit-il être limité ?
2017,S,AMÉRIQUE DU NORD – NORMALE,Le désir a-t-il toujours un objet ?
2017,S,AMÉRIQUE DU NORD – NORMALE,Peut-on être trop cultivé ?
2017,ES,AMÉRIQUE DU NORD – REMPLACEMENT,Est-ce dans la solitude qu'on prend conscience de soi ?
2017,ES,AMÉRIQUE DU NORD – REMPLACEMENT,La force peut-elle fonder le droit ?
2017,L,AMÉRIQUE DU NORD – REMPLACEMENT,L'art n'est-il qu'apparence ?
2017,L,AMÉRIQUE DU NORD – REMPLACEMENT,La poursuite de l'intérêt général exige-t-elle le sacrifice de l'intérêt particulier ?
2017,S,AMÉRIQUE DU NORD – REMPLACEMENT,L'inconscient pense-t-il ?
2017,S,AMÉRIQUE DU NORD – REMPLACEMENT,Peut-on légitimer une injustice en vue du bien de tous ?
2017,ES,ANTILLES – NORMALE,La technique nous déshumanise-t-elle ?
2017,ES,ANTILLES – NORMALE,L'État peut-il assurer à la fois la liberté et la sécurité des individus ?
2017,L,ANTILLES – NORMALE,Les mots nous éloignent-ils des choses ?
2017,L,ANTILLES – NORMALE,Une inégalité peut-elle être juste ?
2017,S,ANTILLES – NORMALE,La morale suppose-t-elle des valeurs universelles ?
2017,S,ANTILLES – NORMALE,Tout travail est-il un travail sur soi ?
2017,ES,ANTILLES – REMPLACEMENT,Peut-on se mettre à la place de l'autre ?
2017,ES,ANTILLES – REMPLACEMENT,Sommes-nous les auteurs de notre histoire ?
2017,L,ANTILLES – REMPLACEMENT,Mon passé détermine-t-il mon avenir ?
2017,L,ANTILLES – REMPLACEMENT,Peut-on concevoir une société sans travail ?
2017,S,ANTILLES – REMPLACEMENT,En quoi le vivant résiste-t-il à la connaissance scientifique ?
2017,S,ANTILLES – REMPLACEMENT,Ma liberté n'est-elle que l'ensemble de mes droits ?
2017,ES,ÉTRANGER GROUPE 1 – NORMALE,Faut-il vouloir la vérité plus que tout ?
2017,ES,ÉTRANGER GROUPE 1 – NORMALE,"Accomplir son devoir, est-ce agir librement ?"
2017,L,ÉTRANGER GROUPE 1 – NORMALE,Autrui m'est-il toujours étranger ?
2017,L,ÉTRANGER GROUPE 1 – NORMALE,La politique doit-elle viser le bonheur du peuple ?
2017,S,ÉTRANGER GROUPE 1 – NORMALE,"Désirer, est-ce refuser le monde tel qu'il est ?"
2017,S,ÉTRANGER GROUPE 1 – NORMALE,Le progrès technique génère-t-il de nouveaux devoirs moraux ?
2017,ES,INDE – NORMALE,Une société peut-elle se passer d'art ?
2017,ES,INDE – NORMALE,La loi suffit-elle à définir le juste ?
2017,L,INDE – NORMALE,Suis-je le sujet de mon désir ?
2017,L,INDE – NORMALE,Toute vérité est-elle bonne à dire ?
2017,S,INDE – NORMALE,Vit-on en société pour satisfaire ses désirs ?
2017,S,INDE – NORMALE,La connaissance des êtres vivants implique-t-elle de les hiérarchiser ?
2017,ES,JAPON – NORMALE,La recherche de la vérité peut-elle se passer du doute ?
2017,ES,JAPON – NORMALE,Puis-je être heureux sans être libre ?
2017,L,JAPON – NORMALE,Peut-on admettre une vérité sans démonstration ?
2017,L,JAPON – NORMALE,"Chercher à être heureux, est-ce une quête égoïste ?"
2017,S,JAPON – NORMALE,Que risque-t-on à oublier ses devoirs ?
2017,S,JAPON – NORMALE,Faut-il chercher à démontrer ses opinions ?
2017,ES,LIBAN – NORMALE,L'art est-il une forme de connaissance ?
2017,ES,LIBAN – NORMALE,Peut-on justifier une injustice ?
2017,L,LIBAN – NORMALE,L'art peut-il nous éduquer ?
2017,L,LIBAN – NORMALE,Les connaissances nous aident-elles à vivre ?
2017,S,LIBAN – NORMALE,Avons-nous réellement un inconscient ?
2017,S,LIBAN – NORMALE,Doit-on faire du travail une valeur ?
2017,ES,MÉTROPOLE – NORMALE,La raison peut-elle rendre raison de tout ?
2017,ES,MÉTROPOLE – NORMALE,Une oeuvre d'art est-elle nécessairement belle ?
2017,L,MÉTROPOLE – NORMALE,Suffit-il d'observer pour connaître ?
2017,L,MÉTROPOLE – NORMALE,Tout ce que j'ai le droit de faire est-il juste ?
2017,S,MÉTROPOLE – NORMALE,"Défendre ses droits, est-ce défendre ses intérêts ?"
2017,S,MÉTROPOLE – NORMALE,Peut-on se libérer de sa culture ?
2017,TMD,MÉTROPOLE – NORMALE,L'originalité fait-elle l'artiste ?
2017,TMD,MÉTROPOLE – NORMALE,La conscience peut-elle nous cacher ce que nous sommes ?
2017,ES,MÉTROPOLE – REMPLACEMENT,Sommes-nous faits pour être heureux ?
2017,ES,MÉTROPOLE – REMPLACEMENT,"Interpréter, est-ce découvrir ou inventer ?"
2017,L,MÉTROPOLE – REMPLACEMENT,Peut-on aimer travailler ?
2017,L,MÉTROPOLE – REMPLACEMENT,La justice n'est-elle qu'un idéal ?
2017,S,MÉTROPOLE – REMPLACEMENT,Est-ce la faiblesse qui nous pousse à vivre en société ?
2017,S,MÉTROPOLE – REMPLACEMENT,Peut-on être méchant et heureux ?
2017,ES,POLYNÉSIE – NORMALE,N'y a-t-il de vérité que dans les sciences ?
2017,ES,POLYNÉSIE – NORMALE,Peut-on travailler pour rien ?
2017,L,POLYNÉSIE – NORMALE,Suis-je le mieux placé pour me connaître ?
2017,L,POLYNÉSIE – NORMALE,Peut-on être moral par intérêt ?
2017,S,POLYNÉSIE – NORMALE,Faut-il préférer la connaissance à la croyance ?
2017,S,POLYNÉSIE – NORMALE,L'homme est-il un être vivant comme les autres ?
2018,ES,AMÉRIQUE DU NORD – NORMALE,La technique n’est-elle qu’un moyen ?
2018,ES,AMÉRIQUE DU NORD – NORMALE,Les faits existent-ils indépendamment de toute interprétation ?
2018,L,AMÉRIQUE DU NORD – NORMALE,L’homme politique doit-il être efficace à tout prix ?
2018,L,AMÉRIQUE DU NORD – NORMALE,Sommes-nous condamnés à subir le temps ?
2018,S,AMÉRIQUE DU NORD – NORMALE,Avons-nous besoin de l'art pour nous faire une idée du beau ?
2018,S,AMÉRIQUE DU NORD – NORMALE,Est-ce le corps qui produit la pensée ?
2018,ES,ANTILLES – NORMALE,Vit-on en société par intérêt ?
2018,ES,ANTILLES – NORMALE,Pourquoi cherche-t-on à démontrer ?
2018,L,ANTILLES – NORMALE,Que gagne-t-on à se cultiver ?
2018,L,ANTILLES – NORMALE,Que gagne-t-on à se cultiver ?
2018,L,ANTILLES – NORMALE,Les sociétés subissent-elles leur histoire ?
2018,L,ANTILLES – NORMALE,Les sociétés subissent-elles leur histoire ?
2018,S,ANTILLES – NORMALE,Un artiste peut-il tout se permettre ?
2018,S,ANTILLES – NORMALE,Le droit satisfait-il notre besoin de justice ?
2018,ES,ANTILLES – REMPLACEMENT,Peut-on penser sans sentir ?
2018,ES,ANTILLES – REMPLACEMENT,"Se conformer à la loi, est-ce agir par devoir ?"
2018,L,ANTILLES – REMPLACEMENT,L’État doit-il mettre fin aux injustices ?
2018,L,ANTILLES – REMPLACEMENT,La matière est-elle un obstacle à l’expression de l’esprit ?
2018,S,ANTILLES – REMPLACEMENT,Faut-il renoncer à l’idéal du progrès technique ?
2018,S,ANTILLES – REMPLACEMENT,La fonction de l’État est-elle de nous protéger ?
2018,ES,ÉTRANGER GROUPE 1 – NORMALE,Le respect de la morale est-il une preuve de liberté ?
2018,ES,ÉTRANGER GROUPE 1 – NORMALE,Y a-t-il un sens à débattre de la vérité ?
2018,L,ÉTRANGER GROUPE 1 – NORMALE,"Croire, est-ce renoncer à la raison ?"
2018,L,ÉTRANGER GROUPE 1 – NORMALE,Les hommes peuvent-ils s’entendre sur ce qui est juste ?
2018,S,ÉTRANGER GROUPE 1 – NORMALE,Une œuvre d’art doit-elle nécessairement nous émouvoir ?
2018,S,ÉTRANGER GROUPE 1 – NORMALE,Peut-on ne pas adhérer à une démonstration ?
2018,ES,INDE – NORMALE,Peut-on vivre sans morale ? Peut-on vivre sans morale ?
2018,ES,INDE – NORMALE,Doit-on attendre de la technique qu’elle mette fin au travail ? Doit-on attendre de la technique qu’elle mette fin au travail ?
2018,S,INDE – NORMALE,Toute démonstration est-elle scientifique ?
2018,S,INDE – NORMALE,Une loi injuste vaut-elle mieux que l’absence de loi ?
2018,ES,JAPON – NORMALE,Peut-on juger autrui ?
2018,ES,JAPON – NORMALE,Suffit-il d’être dans son droit pour être juste ?
2018,L,JAPON – NORMALE,La démonstration chasse-t-elle le doute ?
2018,L,JAPON – NORMALE,L’État peut-il être impartial ?
2018,S,JAPON – NORMALE,Le citoyen peut-il se désintéresser de la politique ?
2018,S,JAPON – NORMALE,La technique nous dirige-t-elle ?
2018,ES,LIBAN – NORMALE,L’idée d’inconscient remet-elle en cause la responsabilité ?
2018,ES,LIBAN – NORMALE,L’histoire peut-elle servir l’action politique ?
2018,L,LIBAN – NORMALE,La parole a-t-elle le pouvoir de changer les choses ?
2018,L,LIBAN – NORMALE,Faut-il aimer les autres pour les respecter ?
2018,S,LIBAN – NORMALE,Ne travaille-t-on que pour subvenir à ses besoins ?
2018,S,LIBAN – NORMALE,Doit-on rechercher la vérité pour elle-même ?
2018,ES,MÉTROPOLE – NORMALE,Toute vérité est-elle définitive ?
2018,ES,MÉTROPOLE – NORMALE,Peut-on être insensible à l’art ?
2018,L,MÉTROPOLE – NORMALE,La culture nous rend-elle plus humain ?
2018,L,MÉTROPOLE – NORMALE,Le désir est-il la marque de notre imperfection ?
2018,L,MÉTROPOLE – NORMALE,Peut-on renoncer à la vérité ?
2018,L,MÉTROPOLE – NORMALE,"Éprouver l’injustice, est-ce nécessaire pour savoir ce qui est juste ?"
2018,S,MÉTROPOLE – NORMALE,Le désir est-il la marque de notre imperfection ?
2018,S,MÉTROPOLE – NORMALE,"Éprouver l'injustice, est-ce nécessaire pour savoir ce qui est juste ?"
2018,ES,MÉTROPOLE – REMPLACEMENT,Comment puis-je savoir si j'ai raison ?
2018,ES,MÉTROPOLE – REMPLACEMENT,Peut-on être libre sans s'imposer une discipline ?
2018,S,MÉTROPOLE – REMPLACEMENT,Les objets techniques sont-ils toujours utiles ?
2018,S,MÉTROPOLE – REMPLACEMENT,Quelles raisons avons-nous d’agir moralement ?
2018,ES,POLYNÉSIE – REMPLACEMENT,Ne travaille-t-on que par nécessité ?
2018,ES,POLYNÉSIE – REMPLACEMENT,La conscience implique-t-elle la maîtrise de soi ?
2018,L,POLYNÉSIE – REMPLACEMENT,Notre culture nous empêche-t-elle d’être nous-même ?
2018,L,POLYNÉSIE – REMPLACEMENT,La crainte garantit-elle le respect du droit ?
2019,ES,AMÉRIQUE DU NORD – NORMALE,La connaissance de l’histoire est-elle utile à l’action présente ?
2019,ES,AMÉRIQUE DU NORD – NORMALE,Tous les échanges sont-ils profitables ?
2019,L,AMÉRIQUE DU NORD – NORMALE,Y a-t-il en nous quelque chose qui échappe à la culture ?
2019,L,AMÉRIQUE DU NORD – NORMALE,La perception peut-elle être objective ?
2019,S,AMÉRIQUE DU NORD – NORMALE,Avons-nous besoin d’art ?
2019,S,AMÉRIQUE DU NORD – NORMALE,La raison suffit-elle à connaître le réel ?
2019,ES,ANTILLES – NORMALE,Est-il évident de savoir qui je suis ?
2019,ES,ANTILLES – NORMALE,Suffirait-il de parler la même langue pour se comprendre ?
2019,L,ANTILLES – NORMALE,Peut-on désirer contre soi-même ?
2019,L,ANTILLES – NORMALE,Toutes les interprétations se valent-elles ?
2019,S,ANTILLES – NORMALE,"S’habituer à la liberté, est-ce risquer de la perdre ?"
2019,S,ANTILLES – NORMALE,Mes désirs me disent-ils qui je suis ?
2019,STHR,ANTILLES – NORMALE,Faut-il toujours s’en tenir à l’expérience ?
2019,STHR,ANTILLES – NORMALE,L’artiste est-il maître de son œuvre ?
2019,ES,ANTILLES – REMPLACEMENT,Est-ce par souci de la justice que l’on se donne des lois ?
2019,ES,ANTILLES – REMPLACEMENT,Peut-on refuser une démonstration ?
2019,L,ANTILLES – REMPLACEMENT,Peut-on traiter le vivant comme un objet ?
2019,L,ANTILLES – REMPLACEMENT,Le bonheur consiste-t-il à ne plus rien désirer ?
2019,S,ANTILLES – REMPLACEMENT,"Connaître le monde matériel, est-ce connaître le monde réel ?"
2019,S,ANTILLES – REMPLACEMENT,Les machines doivent-elles se substituer aux travailleurs ?
2019,ES,ÉTRANGER GROUPE 1 – NORMALE,Sommes-nous ce que les autres font de nous ?
2019,ES,ÉTRANGER GROUPE 1 – NORMALE,Pourquoi n’a-t-on jamais fini d’écrire l’histoire ?
2019,L,ÉTRANGER GROUPE 1 – NORMALE,Sommes-nous responsables de tous nos actes ?
2019,L,ÉTRANGER GROUPE 1 – NORMALE,"Pour vivre en société, faut-il ne plus penser à soi ?"
2019,S,ÉTRANGER GROUPE 1 – NORMALE,Les vérités scientifiques sont-elles indiscutables ?
2019,S,ÉTRANGER GROUPE 1 – NORMALE,La justice peut-elle se passer de contraindre ?
2019,ES,JAPON ASIE – NORMALE,Le bonheur est-il une succession de plaisirs ?
2019,ES,JAPON ASIE – NORMALE,La politique n'est-elle qu'un rapport de force ?
2019,L,JAPON ASIE – NORMALE,Faut-il du temps pour devenir soi-même ?
2019,L,JAPON ASIE – NORMALE,Le langage est-il un instrument de pouvoir ?
2019,S,JAPON ASIE – NORMALE,Le progrès technique appauvrit-il le travail humain ?
2019,S,JAPON ASIE – NORMALE,La science peut-elle combler notre désir de vérité ?
2019,ES,LIBAN – NORMALE,Faut-il préférer la vérité à son bonheur ?
2019,ES,LIBAN – NORMALE,Peut-on parvenir à une complète conscience de soi ?
2019,L,LIBAN – NORMALE,Désirons-nous seulement ce que les autres désirent ?
2019,L,LIBAN – NORMALE,L’État est-il au service de la société ?
2019,S,LIBAN – NORMALE,"En politique, chacun défend-il ses propres intérêts ?"
2019,S,LIBAN – NORMALE,Suis-je défini par ma culture ?
2019,ES,MÉTROPOLE – NORMALE,La morale est-elle la meilleure des politiques ?
2019,ES,MÉTROPOLE – NORMALE,Le travail divise-t-il les hommes ?
2019,L,MÉTROPOLE – NORMALE,Est-il possible d’échapper au temps ?
2019,L,MÉTROPOLE – NORMALE,À quoi bon expliquer une œuvre d’art ?
2019,S,MÉTROPOLE – NORMALE,La pluralité des cultures fait-elle obstacle à l’unité du genre humain ?
2019,S,MÉTROPOLE – NORMALE,"Reconnaître ses devoirs, est-ce renoncer à sa liberté ?"
2019,STHR,MÉTROPOLE – NORMALE,Seul ce qui peut s'échanger a-t-il de la valeur ?
2019,STHR,MÉTROPOLE – NORMALE,Les lois peuvent-elles faire notre bonheur ?
2019,TMD,MÉTROPOLE – NORMALE,Sommes-nous conscients de ce que nous désirons ?
2019,TMD,MÉTROPOLE – NORMALE,La technique nous libère-t-elle ?
2019,ES,POLYNÉSIE – NORMALE,Peut-on donner sans retour ?
2019,ES,POLYNÉSIE – NORMALE,"Être seul, est-ce être libre ?"
2019,L,POLYNÉSIE – NORMALE,"Percevoir, est-ce savoir ?"
2019,L,POLYNÉSIE – NORMALE,A-t-on le devoir d’être heureux ?
2019,S,POLYNÉSIE – NORMALE,Un droit peut-il être naturel ?
2019,S,POLYNÉSIE – NORMALE,La culture sépare-t-elle ou rapproche-t-elle les hommes ?
2019,STHR,POLYNÉSIE – NORMALE,Y a-t-il des vérités subjectives ?
2019,STHR,POLYNÉSIE – NORMALE,Tout le monde peut-il être artiste ?
2019,L,POLYNÉSIE – REMPLACEMENT,L'État exerce-t-il nécessairement une domination ?
2019,L,POLYNÉSIE – REMPLACEMENT,"Pour être moral, ne suffit-il pas de le vouloir ?"
2019,S,POLYNÉSIE – REMPLACEMENT,L’art doit-il nous instruire ?
2019,S,POLYNÉSIE – REMPLACEMENT,Ne désire-t-on que ce dont on manque ?
2021,GÉN.,AMÉRIQUE DU NORD – NORMALE,Les vérités scientifiques sont-elles définitives ?
2021,GÉN.,AMÉRIQUE DU NORD – NORMALE,La nature est-elle injuste ?
2021,GÉN.,AMÉRIQUE DU NORD – NORMALE,L'art est-il l'affaire des seuls spécialistes ?
2021,GÉN.,PROCHE-ORIENT – NORMALE,Tout le monde peut-il être artiste ?
2021,GÉN.,PROCHE-ORIENT – NORMALE,L'homme est-il responsable de la nature ?
2021,GÉN.,PROCHE-ORIENT – NORMALE,Existe-t-il des vérités définitives ?
2021,GÉN.,POLYNÉSIE – NORMALE,La technique est-elle une violence infligée à la nature ?
2021,GÉN.,POLYNÉSIE – NORMALE,L'art échappe-t-il au temps ?
2021,GÉN.,POLYNÉSIE – NORMALE,Savoir rend-il malheureux ?
2021,GÉN.,MÉTROPOLE – NORMALE,"Discuter, est-ce renoncer à la violence ?"
2021,GÉN.,MÉTROPOLE – NORMALE,L'inconscient échappe-t-il à toute forme de connaissance ?
2021,GÉN.,MÉTROPOLE – NORMALE,Sommes-nous responsables de l'avenir ?
2021,GÉN.,ASIE – NORMALE,Existe-t-il des techniques pour être heureux ?
2021,GÉN.,ASIE – NORMALE,Les résultats des sciences sont-ils indiscutables ?
2021,GÉN.,ASIE – NORMALE,Le droit peut-il être injuste ?
2021,GÉN.,"AMÉRIQUE LATINE DU NORD
ANTILLES GUYANE – NORMALE",La nature nous impose-t-elle des devoirs ?
2021,GÉN.,"AMÉRIQUE LATINE DU NORD
ANTILLES GUYANE – NORMALE",L'artiste peut-il dire la vérité ?
2021,GÉN.,"AMÉRIQUE LATINE DU NORD
ANTILLES GUYANE – NORMALE",Connaître le passé est-ce préparer l'avenir ?
2022,GÉN.,ANTILLES-GUYANE – NORMALE,La science a-t-elle toujours raison ?
2022,GÉN.,ANTILLES-GUYANE – NORMALE,Le langage ne sert-il qu'à communiquer ?
2022,GÉN.,CENTRES ÉTRANGERS GROUPE 1 – NORMALE,Le bonheur nous échappe-t-il inévitablement ?
2022,GÉN.,CENTRES ÉTRANGERS GROUPE 1 – NORMALE,N'y a-t-il de foi que religieuse ?
2022,GÉN.,ASIE – NORMALE,L’homme est-il une exception dans la nature ?
2022,GÉN.,ASIE – NORMALE,Toute prise de conscience est-elle libératrice ?
2022,GÉN.,AMÉRIQUE DU NORD – NORMALE,La conscience fait-elle obstacle au bonheur ?
2022,GÉN.,AMÉRIQUE DU NORD – NORMALE,La technique permet-elle de ne plus avoir peur de la nature ?
2022,GÉN.,"MÉTROPOLE, MAYOTTE, LA RÉUNION – NORMALE",Les pratiques artistiques transforment-elles le monde ?
2022,GÉN.,"MÉTROPOLE, MAYOTTE, LA RÉUNION – NORMALE",Revient-il à l’État de décider de ce qui est juste ?
2022,GÉN.,POLYNÉSIE – NORMALE,La science ne fournit-elle que des certitudes ?
2022,GÉN.,POLYNÉSIE – NORMALE,L’inconscience est-elle un défaut ?
2022,GÉN.,NOUVELLE-CALÉDONIE – REMPLACEMENT,Le travail est-il une marchandise comme les autres ?
2022,GÉN.,NOUVELLE-CALÉDONIE – REMPLACEMENT,Y a-t-il des vérités intemporelles ?
2022,GÉN.,AMÉRIQUE DU SUD – REMPLACEMENT,Puis-je ignorer mes propres pensées ?
2022,GÉN.,AMÉRIQUE DU SUD – REMPLACEMENT,La justice met-elle fin à la loi du plus fort ?
2022,GÉN.,"MÉTROPOLE, MAYOTTE, LA RÉUNION – REMPLACEMENT",Le droit est-il la mesure des actions justes et injustes ?
2022,GÉN.,"MÉTROPOLE, MAYOTTE, LA RÉUNION – REMPLACEMENT",Les objets techniques satisfont-ils nos besoins ?
2022,GÉN.,ANTILLES-GUYANE – REMPLACEMENT,Le langage peut-il exprimer ce que nous vivons ?
2022,GÉN.,ANTILLES-GUYANE – REMPLACEMENT,La science est-elle au service de notre liberté ?
2022,GÉN.,POLYNÉSIE – REMPLACEMENT,Peut-on dire d’une œuvre d’art qu’elle est vraie ?
2022,GÉN.,POLYNÉSIE – REMPLACEMENT,L’État a-t-il le devoir de nous protéger ?
2023,GÉN.,MÉTROPOLE – NORMALE,Le bonheur est-il affaire de raison ?
2023,GÉN.,MÉTROPOLE – NORMALE,"Vouloir la paix, est-ce vouloir la justice ?"
2023,GÉN.,ANTILLES-GUYANE – NORMALE,Ce qui est vrai peut-il être réfuté ?
2023,GÉN.,ANTILLES-GUYANE – NORMALE,Les artistes nous rendent-ils heureux ?
2023,GÉN.,ASIE – NORMALE,Est-il raisonnable de lutter contre le temps ?
2023,GÉN.,ASIE – NORMALE,Le langage peut-il être fidèle à la réalité ?
2023,GÉN.,POLYNÉSIE FRANÇAISE – NORMALE,L’art est-il l’affaire des seuls spécialistes ?
2023,GÉN.,POLYNÉSIE FRANÇAISE – NORMALE,Savoir rend-il malheureux ?
2023,GÉN.,AMÉRIQUE DU NORD – NORMALE,Que nous font connaître les religions ?
2023,GÉN.,AMÉRIQUE DU NORD – NORMALE,Toute vérité se prouve-t-elle ?
2023,GÉN.,CENTRES ÉTRANGERS GROUPE 1 – NORMALE,Peut-on s’accorder sur ce qui est juste ?
2023,GÉN.,CENTRES ÉTRANGERS GROUPE 1 – NORMALE,Le langage déforme-t-il la pensée ?
2023,GÉN.,MÉTROPOLE – REMPLACEMENT,Pouvons-nous vraiment connaître la nature ?
2023,GÉN.,MÉTROPOLE – REMPLACEMENT,"Être heureux, cela requiert-il d’être seul ?"
2023,GÉN.,ANTILLES-GUYANE – REMPLACEMENT,Quelle vérité l’artiste recherche-t-il ?
2023,GÉN.,ANTILLES-GUYANE – REMPLACEMENT,L’État est-il source de liberté ?
2024,GÉN.,"MÉTROPOLE, LA RÉUNION, MAYOTTE – NORMALE",La science peut-elle satisfaire notre besoin de vérité ?
2024,GÉN.,"MÉTROPOLE, LA RÉUNION, MAYOTTE – NORMALE",L’État nous doit-il quelque chose ?
2024,GÉN.,ANTILLES-GUYANE – NORMALE,Puis-je savoir si j’ai raison ?
2024,GÉN.,ANTILLES-GUYANE – NORMALE,L’égalité garantit-elle la justice ?
2024,GÉN.,CENTRES ÉTRANGERS GROUPE 1 – NORMALE,L’art nous aide-t-il à vivre ?
2024,GÉN.,CENTRES ÉTRANGERS GROUPE 1 – NORMALE,Pourquoi faut-il se fier à la science ?
2024,GÉN.,POLYNÉSIE FRANÇAISE – NORMALE,Décide-t-on d’être heureux ?
2024,GÉN.,POLYNÉSIE FRANÇAISE – NORMALE,Le savoir nous rend-il égaux ?
2024,GÉN.,AMÉRIQUE DU NORD – NORMALE,"Comment être heureux, si rien ne dure ?"
2024,GÉN.,AMÉRIQUE DU NORD – NORMALE,Peut-on parler sans savoir ?
2024,GÉN.,ASIE – NORMALE,Faut-il se battre pour la vérité ?
2024,GÉN.,ASIE – NORMALE,Doit-on se libérer de soi-même ?
2024,GÉN.,ANTILLES-GUYANE – REMPLACEMENT,La raison recommande-t-elle de douter de tout ?
2024,GÉN.,ANTILLES-GUYANE – REMPLACEMENT,La justice n’est-elle qu’un idéal ?
2024,GÉN.,MÉTROPOLE – REMPLACEMENT,Faut-il rechercher la justice à tout prix ?
2024,GÉN.,MÉTROPOLE – REMPLACEMENT,L’art contribue-t-il à notre liberté ?
